{
    "GQA_bkwd_4warps": {
        "B": 16,
        "H_Q": 16,
        "H_KV": 16,
        "N": 8192,
        "D": 128,
        "Causal": false,
        "avg_time_ref": 23.67118016433716,
        "tflops_ref": 928.9875875580693,
        "avg_time_tk": 30.682527633666993,
        "tflops_tk": 716.7021184848797
    },
    "GQA_bkwd_8warps": {
        "B": 16,
        "H_Q": 16,
        "H_KV": 16,
        "N": 8192,
        "D": 128,
        "Causal": false,
        "avg_time_ref": 24.025445735931395,
        "tflops_ref": 915.2892644415075,
        "avg_time_tk": 31.288735103607177,
        "tflops_tk": 702.8162846054079
    },
    "GQA_bkwd_asm": {
        "B": 16,
        "H_Q": 16,
        "H_KV": 16,
        "N": 8192,
        "D": 128,
        "Causal": false,
        "avg_time_ref": 24.24169675064087,
        "tflops_ref": 907.1243148414787,
        "avg_time_tk": 30.88755633544922,
        "tflops_tk": 711.9447170471727
    },
    "GQA_bkwd_asm_interleaved": {
        "B": 16,
        "H_Q": 16,
        "H_KV": 16,
        "N": 8192,
        "D": 128,
        "Causal": false,
        "avg_time_ref": 24.097463844299316,
        "tflops_ref": 912.5538146920875,
        "avg_time_tk": 26.259527015686036,
        "tflops_tk": 837.4192171239113
    },
    "aiter_bkwd": {
        "B": 16,
        "H_Q": 16,
        "H_KV": 16,
        "N": 4096,
        "D": 128,
        "Causal": false,
        "avg_time_ref": 6.673620760917664,
        "tflops_ref": 823.7744300777516
    },
    "MHA_bkwd_asm_interleaved_16384": {
        "B": 16,
        "H_Q": 16,
        "H_KV": 16,
        "N": 16384,
        "D": 128,
        "Causal": false,
        "avg_time_ref": 94.24506021118164,
        "tflops_ref": 933.3213860225635,
        "avg_time_tk": 102.08749356079102,
        "tflops_tk": 861.6229780360027
    },
    "tk_kernel_bkwd": {
        "B": 16,
        "H_Q": 32,
        "H_KV": 8,
        "N": 16384,
        "D": 128,
        "Causal": false,
        "avg_time_ref": 507.7157409667969,
        "tflops_ref": 346.49676235991427,
        "avg_time_tk": 190.03188781738282,
        "tflops_tk": 925.7491596000862
    },
    "MHA_bkwd_asm_interleaved_4096": {
        "B": 16,
        "H_Q": 16,
        "H_KV": 16,
        "N": 4096,
        "D": 128,
        "Causal": false,
        "avg_time_ref": 6.633539379119873,
        "tflops_ref": 828.7518660376757,
        "avg_time_tk": 6.620764884948731,
        "tflops_tk": 830.3509087564541
    },
    "MHA_bkwd_asm_interleaved_2048": {
        "B": 16,
        "H_Q": 16,
        "H_KV": 16,
        "N": 2048,
        "D": 128,
        "Causal": false,
        "avg_time_ref": 1.7700520560741424,
        "tflops_ref": 776.4684264531205,
        "avg_time_tk": 1.7593319532871246,
        "tflops_tk": 781.1996662438258
    },
    "MHA_bkwd_asm_interleaved_1024": {
        "B": 16,
        "H_Q": 16,
        "H_KV": 16,
        "N": 1024,
        "D": 128,
        "Causal": false,
        "avg_time_ref": 0.6161680964231491,
        "tflops_ref": 557.6357907437598,
        "avg_time_tk": 0.5643005363941193,
        "tflops_tk": 608.8907621381817
    },
    "MHA_bkwd_asm_interleaved_8192": {
        "B": 16,
        "H_Q": 16,
        "H_KV": 16,
        "N": 8192,
        "D": 128,
        "Causal": false,
        "avg_time_ref": 24.141463626861572,
        "tflops_ref": 910.890611083416,
        "avg_time_tk": 26.06893581390381,
        "tflops_tk": 843.5416279551986
    },
    "GQA_bkwd_asm_interleaved_16384": {
        "B": 16,
        "H_Q": 64,
        "H_KV": 8,
        "N": 16384,
        "D": 128,
        "Causal": false,
        "avg_time_ref": 1007.7710822753907,
        "tflops_ref": 349.1305982841971,
        "avg_time_tk": 390.24148156738283,
        "tflops_tk": 901.6051278689278
    },
    "GQA_bkwd_asm_interleaved_16384_b15": {
        "B": 15,
        "H_Q": 64,
        "H_KV": 8,
        "N": 16384,
        "D": 128,
        "Causal": false,
        "avg_time_ref": 950.0023188476563,
        "tflops_ref": 347.21335073466884,
        "avg_time_tk": 371.8869567871094,
        "tflops_tk": 886.972458465727
    },
    "GQA_bkwd_asm_interleaved_8192": {
        "B": 16,
        "H_Q": 64,
        "H_KV": 8,
        "N": 8192,
        "D": 128,
        "Causal": false,
        "avg_time_ref": 257.36344549560545,
        "tflops_ref": 341.7770929072441,
        "avg_time_tk": 100.0239271850586,
        "tflops_tk": 879.3988868217469
    },
    "GQA_bkwd_asm_interleaved_4096": {
        "B": 16,
        "H_Q": 64,
        "H_KV": 8,
        "N": 4096,
        "D": 128,
        "Causal": false,
        "avg_time_ref": 66.64073181152344,
        "tflops_ref": 329.9818588084213,
        "avg_time_tk": 26.01691953277588,
        "tflops_tk": 845.2281419334408
    },
    "GQA_bkwd_asm_interleaved_2048": {
        "B": 16,
        "H_Q": 64,
        "H_KV": 8,
        "N": 2048,
        "D": 128,
        "Causal": false,
        "avg_time_ref": 17.99795181655884,
        "tflops_ref": 305.4546536690928,
        "avg_time_tk": 6.764378066062927,
        "tflops_tk": 812.7218918264491
    },
    "GQA_bkwd_asm_interleaved_1024": {
        "B": 16,
        "H_Q": 64,
        "H_KV": 8,
        "N": 1024,
        "D": 128,
        "Causal": false,
        "avg_time_ref": 5.283925926208496,
        "tflops_ref": 260.107646078642,
        "avg_time_tk": 1.8464346346855163,
        "tflops_tk": 744.3477872987826
    },
    "MHA_bkwd_4warps_4096": {
        "B": 16,
        "H_Q": 16,
        "H_KV": 16,
        "N": 4096,
        "D": 128,
        "Causal": false,
        "avg_time_ref": 6.730929830551148,
        "tflops_ref": 816.7605780002381,
        "avg_time_tk": 8.099344770431518,
        "tflops_tk": 678.7657884314388
    }
}